Date,Tweet,Stock Name,Company Name,cleaned_tweet
2022-09-24 16:44:06+00:00,"How to trade Major and minor pivotal Support &amp; Resistance! 

This is a great explanation of how I breakdown intraday price action.

$SPY $QQQ $TSLA $AAPL https://t.co/QJ6ivUh2Sf",TSLA,"Tesla, Inc.",how to trade major and minor pivotal support amp resistance this is a great explanation of how i breakdown intraday price action spy qqq tsla aapl
2022-08-17 17:34:20+00:00,"84 target achieved. $TSLA 906 to 916. 

84 to 66. 63 to 84. 

Substack folks could get all of these intraday updates free, link in my pinned üìå tweet. 

May be back AFTER FOMC if I see something useful üëç",TSLA,"Tesla, Inc.",84 target achieved tsla 906 to 916 84 to 66 63 to 84 substack folks could get all of these intraday updates free link in my pinned tweet may be back after fomc if i see something useful
2022-08-11 05:52:08+00:00,"@ICannot_Enough @elonmusk I often hit intraday highs of $42.0.

$TSLA",TSLA,"Tesla, Inc.",i often hit intraday highs of 420 tsla
2022-08-10 13:43:04+00:00,"$TSLA intraday high +$42.0 after @elonmusk‚Äôs $6.9B sale.

Simulation confirmed. https://t.co/dl433KljzY",TSLA,"Tesla, Inc.",tsla intraday high 420 after s 69b sale simulation confirmed
2022-07-05 20:11:56+00:00,"Strong move today for $TSLA hitting an intraday low of $648.50 (-4.8%) and closing the day at $699.20 (+2.55%)!

Congratulations to the ones with strong hard balls during these turbulent times. üëä",TSLA,"Tesla, Inc.",strong move today for tsla hitting an intraday low of 64850 48 and closing the day at 69920 255 congratulations to the ones with strong hard balls during these turbulent times
2022-06-16 21:38:33+00:00,"How to improve Risk Management:

‚Ä¢15% max SL on options

‚Ä¢Aim for 1:2 or 1:3 risk to reward ratio

‚Ä¢NO breakout trading

‚Ä¢Dip/Zone entries on or near key levels/indicators

‚Ä¢5/10/15 minute charts intraday for clear price action

‚Ä¢NO trading the open

$SPY $QQQ $TSLA $AAPL",TSLA,"Tesla, Inc.",how to improve risk management 15 max sl on options aim for 12 or 13 risk to reward ratio no breakout trading dipzone entries on or near key levelsindicators 51015 minute charts intraday for clear price action no trading the open spy qqq tsla aapl
2022-06-08 19:10:38+00:00,"$TSLA retesting intraday breakout level 
still think $TSLA fills back its gap at $770 https://t.co/It2fLYZhsT",TSLA,"Tesla, Inc.",tsla retesting intraday breakout level still think tsla fills back its gap at 770
2022-05-20 16:48:35+00:00,"When is the last time $TSLA was down over 10% intraday on no news day? Pretty crazy. Everyone decided to just flush their shares. Could be sign of market finally bottoming. When you sell everything, that's a sign.",TSLA,"Tesla, Inc.",when is the last time tsla was down over 10 intraday on no news day pretty crazy everyone decided to just flush their shares could be sign of market finally bottoming when you sell everything thats a sign
2022-05-13 16:02:50+00:00,"$TSLA
@unusual_whales you really built a nice tool, lot of intraday information , testing it out 
Well doneüëè https://t.co/jZl6LsrHXb",TSLA,"Tesla, Inc.",tsla you really built a nice tool lot of intraday information testing it out well done
2022-05-12 17:55:40+00:00,Another 7% $TSLA intraday pullback.,TSLA,"Tesla, Inc.",another 7 tsla intraday pullback
2022-05-06 14:18:56+00:00,"$VIX Rejection from 35
$AMD $AAPL strongest names and other names trying to reclaim intraday bullish trend and Call Flow coming in for $TSLA $AMD $NVDA",TSLA,"Tesla, Inc.",vix rejection from 35 amd aapl strongest names and other names trying to reclaim intraday bullish trend and call flow coming in for tsla amd nvda
2022-04-29 18:15:10+00:00,"It's sad to see $TSLA once again lose ALL intraday gains after being up over 4% earlier today. These markets are getting old. I mean, after the worst April in history, you'd think it would attract some dip buyers. We'll see them. The question is when? S&amp;P at key level of 4,170.",TSLA,"Tesla, Inc.",its sad to see tsla once again lose all intraday gains after being up over 4 earlier today these markets are getting old i mean after the worst april in history youd think it would attract some dip buyers well see them the question is when sampp at key level of 4170
2022-04-28 14:02:56+00:00,"The largest ever discount to $TSLA Stephenson Indicator‚Ñ¢Ô∏è was last month, on March 14th, at $152.56.

At today‚Äôs intraday low of $830, the discount to Stephenson Indicator‚Ñ¢Ô∏è was $143.01. üëÄ

Not trading advice.

https://t.co/LnFAUr3ssU",TSLA,"Tesla, Inc.",the largest ever discount to tsla stephenson indicator was last month on march 14th at 15256 at todays intraday low of 830 the discount to stephenson indicator was 14301 not trading advice
2022-04-21 20:48:15+00:00,"It's funny when you hear all these ""experts"" talking today about $TSLA on how amazing of a qtr they had, margins were off the charts, YOY growth is unthinkable, blah blah blah...stock sells off 8% intraday. https://t.co/9tKZfer7og",TSLA,"Tesla, Inc.",its funny when you hear all these experts talking today about tsla on how amazing of a qtr they had margins were off the charts yoy growth is unthinkable blah blah blahstock sells off 8 intraday
2022-04-17 18:32:47+00:00,"Good afternoon fam,

Like ‚Äú‚ô•Ô∏è‚Äù this tweet if you want me to drop a video tonight explaining How I caught the top twice and bottom on $SPY intraday and scored bagger plays back to back üí∞

$AMD $NVDA $QQQ $TSLA https://t.co/pTNSAoi9nq",TSLA,"Tesla, Inc.",good afternoon fam like this tweet if you want me to drop a video tonight explaining how i caught the top twice and bottom on spy intraday and scored bagger plays back to back amd nvda qqq tsla
2022-03-28 15:48:24+00:00,"I turned bear üêª on close at Friday 4540 and today we have not been able to bid above it, rallies have been sold (as of 11 am) and now we are below my LIS intraday.. 

I was one of few bears like Julia, most were bull üêÆ

See my plan below $SPY $QQQ $TSLA

https://t.co/i422FhFutB",TSLA,"Tesla, Inc.",i turned bear on close at friday 4540 and today we have not been able to bid above it rallies have been sold as of 11 am and now we are below my lis intraday i was one of few bears like julia most were bull see my plan below spy qqq tsla
2022-03-07 19:00:37+00:00,$TSLA down $60 or 6% intraday. https://t.co/DgZBUT5c3V,TSLA,"Tesla, Inc.",tsla down 60 or 6 intraday
2022-03-07 18:06:03+00:00,"HOW TO use @unusual_whales Flow + Key level for 100% BAG!!!!! Detailed Videoüí∞üíµüí∞

$UAL
‚úÖPocket Strategy
‚úÖKey Level Broken
‚úÖBearish Flow all morning
‚úÖ""h"" pattern triggered intraday
Pocket + Flow + Pattern = üí∞üíµ

$NVDA $AMD $ROKU $TSLA $AMZN $NFLX $SHOP $ABNB $QCOM $RBLX $SQ https://t.co/85FKxsz9BQ",TSLA,"Tesla, Inc.",how to use flow key level for 100 bag detailed video ual pocket strategy key level broken bearish flow all morning h pattern triggered intraday pocket flow pattern nvda amd roku tsla amzn nflx shop abnb qcom rblx sq
2022-03-01 16:57:19+00:00,Markets went from nice and green to collapse. Will be glad when all this 800+ and then -800 is over and we can move on to some type of stability. I like being able to trade it but also like knowing I'm not going to suffer an intraday collapse for no reason too. $TSLA,TSLA,"Tesla, Inc.",markets went from nice and green to collapse will be glad when all this 800 and then 800 is over and we can move on to some type of stability i like being able to trade it but also like knowing im not going to suffer an intraday collapse for no reason too tsla
2022-02-25 13:30:51+00:00,"4300 intraday target üéØ met. AFAIK I was only one bullish in night. 

ON lows? ~4220 üòäüôÇ

To celebrate ü•Ç I am opening the plan to all. FREE today only, join now!

Share my plan with traders like ur self. $ENPH $TSLA $PLTR $ADBE $GOOG $AXP

https://t.co/LNcIcYRkV8",TSLA,"Tesla, Inc.",4300 intraday target met afaik i was only one bullish in night on lows 4220 to celebrate i am opening the plan to all free today only join now share my plan with traders like ur self enph tsla pltr adbe goog axp
2022-02-24 20:58:14+00:00,I don't remember the last time I've ever seen the NASDAQ do an 800 point swing intraday. Insane. Good insane today. $TSLA,TSLA,"Tesla, Inc.",i dont remember the last time ive ever seen the nasdaq do an 800 point swing intraday insane good insane today tsla
2022-02-15 23:58:06+00:00,"Folks‚Ä¶

Due to the choppy session and anxiety it caused, I decided to release my trade plan for tomorrow and share with folks. Enjoy. Feel free to share this with your friends üëç

$LMT $XLF $AXP $XOM $CVX $TRTN $CMG $TSLA $MSFT $AAPL #StockMarket #Nifty 

https://t.co/H7ifeeF41J",TSLA,"Tesla, Inc.",folks due to the choppy session and anxiety it caused i decided to release my trade plan for tomorrow and share with folks enjoy feel free to share this with your friends lmt xlf axp xom cvx trtn cmg tsla msft aapl
2022-02-14 17:08:14+00:00,"$TSLA $AMZN
#tradingtips 
When I say look for 10 min 34-50 At open (my morning retweet), this is what i meant
Example $TSLA $AMZN relative strength today and reclaimed 34-50 EMA right at open
You want to long these intraday and ignore stocks under 34-50 EMA at open https://t.co/Acoxis3bUx https://t.co/FVhWYvlyVF",TSLA,"Tesla, Inc.",tsla amzn when i say look for 10 min 3450 at open my morning retweet this is what i meant example tsla amzn relative strength today and reclaimed 3450 ema right at open you want to long these intraday and ignore stocks under 3450 ema at open
2022-01-24 21:05:53+00:00,"$TSLA stock was down 9.8% at Monday's lows. Up more than $78 from intraday low of $851 and change to close at $930 a share, down less than 2%. Today was bonkers in the market.",TSLA,"Tesla, Inc.",tsla stock was down 98 at mondays lows up more than 78 from intraday low of 851 and change to close at 930 a share down less than 2 today was bonkers in the market
2022-01-24 14:54:12+00:00,"$TSLA has crossed under the Stephenson Indicator‚Ñ¢Ô∏è intraday and is trading in significantly oversold territory.

Not trading advice. https://t.co/UFgz4R9ZKz",TSLA,"Tesla, Inc.",tsla has crossed under the stephenson indicator intraday and is trading in significantly oversold territory not trading advice
2022-01-19 16:19:03+00:00,$TSLA down 5% now intraday. https://t.co/qhZf9O5opm,TSLA,"Tesla, Inc.",tsla down 5 now intraday
2022-01-10 22:12:14+00:00,"$AMD $TSLA $TSLA $TTD
Some Intraday example on analyzing the Trend with+ Support Resistance 
#emaclouds https://t.co/RhnYEnJe7X",TSLA,"Tesla, Inc.",amd tsla tsla ttd some intraday example on analyzing the trend with support resistance
2022-01-05 21:01:14+00:00,"Did we all have fun today? Damn, that was pretty brutal. $TSLA sold off about 8% intraday and almost wiped out the entire delivery pop it received. There is always tomorrow. Once markets digest and realize fed said ""my consider"" or ""could"" they'll realize it was an over-reaction.",TSLA,"Tesla, Inc.",did we all have fun today damn that was pretty brutal tsla sold off about 8 intraday and almost wiped out the entire delivery pop it received there is always tomorrow once markets digest and realize fed said my consider or could theyll realize it was an overreaction
2022-01-05 20:07:08+00:00,"#tradingtips 
If you are active trader  learn to trade both sides 
$TSLA $AMD $LCID $NVDA
System clearly said Intraday PUTS/Short was in play or switch when system says, link with market and VIX and daily levels and you have repeatable setup
STUDY
üëáüëá #ripsterClouds #EMAclouds https://t.co/Ai9pQpR0vi",TSLA,"Tesla, Inc.",if you are active trader learn to trade both sides tsla amd lcid nvda system clearly said intraday putsshort was in play or switch when system says link with market and vix and daily levels and you have repeatable setup study
2022-01-04 23:55:07+00:00,"Good intraday short trade done in $TSLA today based on supply zone price rejection.
Used VWAP &amp; EMA21 for confluence &amp; timing the trade. Rest of the details are in the chart. 

Happy Learning! https://t.co/QtDxcKH2dA",TSLA,"Tesla, Inc.",good intraday short trade done in tsla today based on supply zone price rejection used vwap amp ema21 for confluence amp timing the trade rest of the details are in the chart happy learning
2022-01-04 21:17:53+00:00,P/L: -$81.4K üëé Loss.  Didn't see anything I liked on the small cap side of things today aside from $NRTB shorts but locates too expensive.  Got stuck in $TSLA dump didn't think it would give back yesterday's entire intraday move.  Was down -202K but recovered 121K on real bounce https://t.co/wnK8U9xQsL,TSLA,"Tesla, Inc.",pl 814k loss didnt see anything i liked on the small cap side of things today aside from nrtb shorts but locates too expensive got stuck in tsla dump didnt think it would give back yesterdays entire intraday move was down 202k but recovered 121k on real bounce
2021-12-30 16:49:11+00:00,"Just sold my $1059's from this morning at $1089 for a quick $30,000 win intraday. $TSLA",TSLA,"Tesla, Inc.",just sold my 1059s from this morning at 1089 for a quick 30000 win intraday tsla
2021-12-30 13:13:34+00:00,"$TSLA bouncing up and down like a penny stock. For a Trillion dollar company to do this is pretty insane. You'd never see Apple, Amazon, Microsoft or any others bounce up and down by 2-4% intraday. It's pure manipulation.",TSLA,"Tesla, Inc.",tsla bouncing up and down like a penny stock for a trillion dollar company to do this is pretty insane youd never see apple amazon microsoft or any others bounce up and down by 24 intraday its pure manipulation
2021-12-30 05:09:17+00:00,"#driplist intraday list for tomorrow 

Bull
$NVDA
$UBER
$AA
$ABT
$FDX
$NKE

Bear
$TSLA
$DKNG
$ROKU

Watching 
$NIO $AMZN $COST",TSLA,"Tesla, Inc.",intraday list for tomorrow bull nvda uber aa abt fdx nke bear tsla dkng roku watching nio amzn cost
2021-12-29 17:12:34+00:00,"HOW TO use @unusual_whales FLOW + PATTERN to buy puts!

$AMD
‚úÖOVERALL Market extended
‚úÖIntraday Rising Wedge (bearish)
‚úÖPattern coming into resistance
‚úÖBearish Short Term Flow
Pattern + Flow + Sentiment = üí∞üíµ

Chart @TrendSpider 
$NVDA $AMD $ROKU $TSLA #investrLessons https://t.co/2R6PxhJ7ed",TSLA,"Tesla, Inc.",how to use flow pattern to buy puts amd overall market extended intraday rising wedge bearish pattern coming into resistance bearish short term flow pattern flow sentiment chart nvda amd roku tsla
2021-12-27 17:59:06+00:00,"HOW TO use @unusual_whales flow + Pocket + Pattern to become profitable!
 
$TSLA
‚úÖDaily Chart Breaking out
‚úÖDouble Bottom Reversal Intraday
‚úÖFlow bullish intraday
‚úÖOTM &amp; Short Expiry flowing in
Pattern + Flow = üí∞üíµ

Chart @TrendSpider 
$NVDA $AMD $ROKU $TSLA #investrLessons https://t.co/b21n2h9TuZ",TSLA,"Tesla, Inc.",how to use flow pocket pattern to become profitable tsla daily chart breaking out double bottom reversal intraday flow bullish intraday otm amp short expiry flowing in pattern flow chart nvda amd roku tsla
2021-12-23 17:35:49+00:00,"HOW TO use @unusual_whales flow + Reversal Patterns for big gains!
 
$TSLA
‚úÖInverse Head &amp; Shoulder
‚úÖMomentum last few days
‚úÖFlow bullish intraday
‚úÖOTM &amp; Short Expiry flowing in
Reversal Pattern + Flow = üí∞üíµü§ëüí∞ 

Chart @TrendSpider 
$NVDA $AMD $ROKU $TSLA #investrLessons https://t.co/vVqfwswuN6",TSLA,"Tesla, Inc.",how to use flow reversal patterns for big gains tsla inverse head amp shoulder momentum last few days flow bullish intraday otm amp short expiry flowing in reversal pattern flow chart nvda amd roku tsla
2021-12-21 21:38:00+00:00,"Funny how these types of ""news"" pieces always come at the peak or top of $TSLA stock price intraday or AH's. Coincidence? Nope.",TSLA,"Tesla, Inc.",funny how these types of news pieces always come at the peak or top of tsla stock price intraday or ahs coincidence nope
2021-12-21 21:00:45+00:00,What a beautiful close. Did an intraday retest of the low and then bounced and went above the intraday high. Very bullish. $TSLA https://t.co/ZV65ohCPn4,TSLA,"Tesla, Inc.",what a beautiful close did an intraday retest of the low and then bounced and went above the intraday high very bullish tsla
2021-12-20 18:30:36+00:00,"HOW TO SETUP your @unusual_whales SCREENS!

üö®MUST WATCH!üö®
In this video I discuss how I have my one monitor setup for UW with multiple windows!

Helps with:
‚úÖIdentifying Momentum
‚úÖFinding Alerts Quick
‚úÖChecking Intraday Flow on the Fly

$NVDA $AMD $ROKU $TSLA #investrLessons https://t.co/0wCixOUGQp",TSLA,"Tesla, Inc.",how to setup your screens must watch in this video i discuss how i have my one monitor setup for uw with multiple windows helps with identifying momentum finding alerts quick checking intraday flow on the fly nvda amd roku tsla
2021-12-09 18:03:24+00:00,"HOW TO use @unusual_whales to give you confirmation for DAY TRADING

$AAPL
‚úÖBullish Intraday Pattern
‚úÖFalling wedge into Support/MA
‚úÖBullish Flow coming in
‚úÖOTM strikes
Pattern + Flow = Take The Trade! üí∞ü§ë

Chart @TrendSpider 
$NVDA $AMD $ROKU $TSLA #investrLessons https://t.co/JtdL5125H9",TSLA,"Tesla, Inc.",how to use to give you confirmation for day trading aapl bullish intraday pattern falling wedge into supportma bullish flow coming in otm strikes pattern flow take the trade chart nvda amd roku tsla
2021-12-07 18:04:57+00:00,"HOW TO use @unusual_whales + PATTERN to Achieve high % win rate! üí∞

$AMD
‚úÖFalling Wedge
‚úÖPull back into MA support
‚úÖBullish short Term Flow
‚úÖBullish Intraday Pattern
Pattern + Support + Flow = TAKE THE TRADE! üí∞ü§ë

Chart @TrendSpider 
$NVDA $AMD $ROKU $TSLA #investrLessons https://t.co/AY4JpOXIEs",TSLA,"Tesla, Inc.",how to use pattern to achieve high win rate amd falling wedge pull back into ma support bullish short term flow bullish intraday pattern pattern support flow take the trade chart nvda amd roku tsla
2021-12-06 13:37:52+00:00,"#driplist intraday/scalp 

Bull
$PFE
$GS
$MGM
$GIS
$ABBV

Bear 
$LCID
$CRM
$PDD
$BABA

Watching 
$TSLA $NVDA $MRNA $SAVA",TSLA,"Tesla, Inc.",intradayscalp bull pfe gs mgm gis abbv bear lcid crm pdd baba watching tsla nvda mrna sava
2021-12-02 17:42:21+00:00,"HOW TO use @unusual_whales Intraday to give you trade confirmation for SCALP TRADING!

$SPY $AAPL
‚úÖBullish flow
‚úÖShort term expiry
‚úÖOTM calls
‚úÖIntraday Bullish pattern
Multiple Confirmation + Take the Scalp! üí∞ü§ë

Chart @TrendSpider 
$NVDA $AMD $ROKU $TSLA #investrLessons https://t.co/eFIfnO3gu6",TSLA,"Tesla, Inc.",how to use intraday to give you trade confirmation for scalp trading spy aapl bullish flow short term expiry otm calls intraday bullish pattern multiple confirmation take the scalp chart nvda amd roku tsla
2021-12-02 13:37:54+00:00,"#driplist watchlist intraday 

Bull 
$TSLA
$FSLR
$ENPH 
$KEYS
$MARA
$PLTR
$SQ

Bear 
$AAPL
Ton of other stocks lol 

Watching $MRNA

Have a busy day ahead so just going to scalp here and there. Good luck. Won‚Äôt be actively trading today",TSLA,"Tesla, Inc.",watchlist intraday bull tsla fslr enph keys mara pltr sq bear aapl ton of other stocks lol watching mrna have a busy day ahead so just going to scalp here and there good luck wont be actively trading today
2021-11-24 02:47:34+00:00,"Musk dumped another $350M today, explaining the 7% intraday plunge in $tsla. Amazing how much a few hundred mil in sales can hammer a stock with $25 billion in daily trading volume. A true house of cards https://t.co/2vHm1Ydyjy",TSLA,"Tesla, Inc.",musk dumped another 350m today explaining the 7 intraday plunge in tsla amazing how much a few hundred mil in sales can hammer a stock with 25 billion in daily trading volume a true house of cards
2021-11-17 23:02:59+00:00,"üö®LIVESTREAMüö®

Gonna go over all the trades we made today.

Key point I want to make is how I used @unusual_whales flow from yesterday on $TSLA and intraday on $AAPL to secure +400% on each trade. 

So much to learn in this session!!

üëâhttps://t.co/XbfOrqw3Xrüëà https://t.co/o8K8el8eDz",TSLA,"Tesla, Inc.",livestream gonna go over all the trades we made today key point i want to make is how i used flow from yesterday on tsla and intraday on aapl to secure 400 on each trade so much to learn in this session
2021-11-17 14:02:19+00:00,"#driplist intraday/scalp 

Bull 
$TSLA
$AFRM 
$CAT
$EXPE
$INTU
$HD
$XPEV

Bear
$ROKU
$LCID",TSLA,"Tesla, Inc.",intradayscalp bull tsla afrm cat expe intu hd xpev bear roku lcid
2021-11-15 13:50:44+00:00,"#driplist scalp/intraday 

Bullish 
$EA
$PANW 
$DISH 
$BA 
$BABA 
$TWTR
$FB

Bearish 
$TSLA
$NVDA",TSLA,"Tesla, Inc.",scalpintraday bullish ea panw dish ba baba twtr fb bearish tsla nvda
2021-10-25 16:36:55+00:00,"ùóïùó•ùóòùóîùóûùóúùó°ùóö: at the $996.50 intraday high, Tesla just crossed the 1 trillion dollars market cap for the first time in its history!

Congratulations @elonmusk &amp; @Tesla employees, this historic milestone is well deserved! üéâ https://t.co/nIKQK2i6Zh",TSLA,"Tesla, Inc.",ùóïùó•ùóòùóîùóûùóúùó°ùóö at the 99650 intraday high tesla just crossed the 1 trillion dollars market cap for the first time in its history congratulations amp employees this historic milestone is well deserved
2021-10-22 14:17:02+00:00,$TSLA -  TESLA SHARES HIT INTRADAY RECORD HIGH AT $907.8799,TSLA,"Tesla, Inc.",tsla tesla shares hit intraday record high at 9078799
2021-10-22 14:13:25+00:00,"*TESLA EXTENDS RALLY, HITS NEW INTRADAY RECORD OF $907.13

$TSLA https://t.co/TwvgO4Vhee",TSLA,"Tesla, Inc.",tesla extends rally hits new intraday record of 90713 tsla
2021-10-22 13:37:34+00:00,"$TSLA - *TESLA EXTENDS RALLY, HITS NEW INTRADAY RECORD OF $903.32",TSLA,"Tesla, Inc.",tsla tesla extends rally hits new intraday record of 90332
2021-10-18 18:07:32+00:00,$TSLA's all time closing high is $883.09 on 1/26/21.  It's all-time intraday high is $900.40 on 1/25/21.,TSLA,"Tesla, Inc.",tslas all time closing high is 88309 on 12621 its alltime intraday high is 90040 on 12521
2021-10-15 15:26:30+00:00,"Remember, I'm always long 5,000 shares of $TSLA. Moves I make intraday don't matter to my conviction and bullish support.",TSLA,"Tesla, Inc.",remember im always long 5000 shares of tsla moves i make intraday dont matter to my conviction and bullish support
2022-09-12 14:45:42+00:00,"@NasdaqExchange Funny that AMZN and GME stand out as outliers, with increasing post-split intraday volatility. Phil thinks this is due to coincidental, related announcements, which I think is probably right for AMZN. I think GME trades differently from nearly every other stock, for many reasons. https://t.co/qzuMPqJuix",MSFT,Microsoft Corporation,funny that amzn and gme stand out as outliers with increasing postsplit intraday volatility phil thinks this is due to coincidental related announcements which i think is probably right for amzn i think gme trades differently from nearly every other stock for many reasons
2021-11-18 16:35:12+00:00,"HOW TO use @unusual_whales to BANK ü§ëüí∞Multi Time Frame Analysis

$AMZN
‚úÖPocket on Daily
‚úÖRelative Strength on Weak market day
‚úÖBreakout on Daily
‚úÖFLOW EXTREMELY Bullish
‚úÖPull Back into MA intraday
This is Conviction = Take the trade = üí∞üíµü§ë

$SPY $AMD $NVDA #investrLessons https://t.co/4xNamKj6Ai",MSFT,Microsoft Corporation,how to use to bank multi time frame analysis amzn pocket on daily relative strength on weak market day breakout on daily flow extremely bullish pull back into ma intraday this is conviction take the trade spy amd nvda
2022-02-02 23:03:23+00:00,$FB intraday v. $FB AH https://t.co/gYNgSkdihg,META,"Meta Platforms, Inc.",fb intraday v fb ah
2021-11-02 13:04:49+00:00,"Today‚Äôs scalp/intraday watchlist #driplist 

Bull
$FB
$COIN
$MARA
$SNAP
$NVAX
$ZI
$UAA
$KSS

Won‚Äôt be trading a lot. Already in $UAA.

Good luck!",META,"Meta Platforms, Inc.",todays scalpintraday watchlist bull fb coin mara snap nvax zi uaa kss wont be trading a lot already in uaa good luck
2022-09-17 19:09:36+00:00,"‚≠êÔ∏è OPTIONS STARTER PACK ‚≠êÔ∏è 

-Trade $SPY $QQQ $AMD $AAPL

-1 contract per trade

-NO 0DTE

-Zone/Dip entries ONLY

-Stop Loss : -15%, Take profit 30-45%
(1:2 or 1:3 Risk to reward)

-3/5/10min charts for intraday

-9/20/200 EMA &amp; VWAP

-30min ORB High and Low

I hope this helps!",AMD,"Advanced Micro Devices, Inc.",options starter pack trade spy qqq amd aapl 1 contract per trade no 0dte zonedip entries only stop loss 15 take profit 3045 12 or 13 risk to reward 3510min charts for intraday 920200 ema amp vwap 30min orb high and low i hope this helps
2022-04-06 19:05:13+00:00,"$AMD
#update 
Significance of intraday support
Its right there https://t.co/fndqTLoZTV",AMD,"Advanced Micro Devices, Inc.",amd significance of intraday support its right there
2022-02-02 14:49:09+00:00,"$AMD touched 132 
$GOOGL 3050 in Premarket
Locked Decent Profits, congratz!
Now  everything under 10 min Trend so far with market as VIX bounces off 21 level
Longs only on 10 min uptrend intraday and Shorts on 10 min downtrend for me, strictly following #EMACloud rules",AMD,"Advanced Micro Devices, Inc.",amd touched 132 googl 3050 in premarket locked decent profits congratz now everything under 10 min trend so far with market as vix bounces off 21 level longs only on 10 min uptrend intraday and shorts on 10 min downtrend for me strictly following rules
2022-01-10 19:17:16+00:00,"$AMD
#tradingtips #emaclouds 
Example of Intraday EMA Clouds reversal earlier
Reclaimed 34-50 for first time in few days, see if it holds that  on 10 minute here https://t.co/TNp6srVUHp",AMD,"Advanced Micro Devices, Inc.",amd example of intraday ema clouds reversal earlier reclaimed 3450 for first time in few days see if it holds that on 10 minute here
2021-12-11 20:42:19+00:00,"I added $AMD 142p this week in the discord with the help from @unusual_whales intraday analyst flow. These puts went 360% üê≥
Member gain was +150,981 on this one trade.üí∞
The @unusual_whales intraday analysis flow shows you exactly what's happening with the ticker at the moment. https://t.co/shataRtLIy",AMD,"Advanced Micro Devices, Inc.",i added amd 142p this week in the discord with the help from intraday analyst flow these puts went 360 member gain was 150981 on this one trade the intraday analysis flow shows you exactly whats happening with the ticker at the moment
2021-11-30 13:48:17+00:00,"#driplist intraday watchlist 

Bull
$NFLX
$AMD
$VIR
$PANW
$ATVI
$FSLR

Bear 
$SNOW
$DWAC
$NKE

Watching 
$PENN $MRNA $YCBD",AMD,"Advanced Micro Devices, Inc.",intraday watchlist bull nflx amd vir panw atvi fslr bear snow dwac nke watching penn mrna ycbd
2021-11-01 12:48:53+00:00,"Today‚Äôs scalp/intraday watchlist #driplist

Bull
$XPEV
$GOOGL
$MARA
$NVAX
$ON
$FSLR
$RBLX

Bear 
$AMD
$MRNA
$CRWD

Good luck üëç",AMD,"Advanced Micro Devices, Inc.",todays scalpintraday watchlist bull xpev googl mara nvax on fslr rblx bear amd mrna crwd good luck
2021-10-26 15:56:07+00:00,"HOW TO USE @unusual_whales to sense market shift in sentiment intraday!

$SPX $SPY
If a ticker fails to break your resistance levels + Flow comes in heavy on the bearish side... Chances are Shift in sentiment incoming! üò≤üö® 

$SPX $SPY $AMD $NVDA #OptionsTrading #InvestrEducation https://t.co/M1Tx92x9cq",AMD,"Advanced Micro Devices, Inc.",how to use to sense market shift in sentiment intraday spx spy if a ticker fails to break your resistance levels flow comes in heavy on the bearish side chances are shift in sentiment incoming spx spy amd nvda
2022-09-07 14:44:17+00:00,"My plan called last night I can not be intraday bear üêª above 3892. 

Very little trading below my 3892 and now we are trading 50 handles higher. 

Powered by OrderFlow. 

Bulls üêÆ now need to take 3935. Watch $aapl below 155 üëç

#ES_F $SPX $NDX $SPY 

https://t.co/aSPBsivFgG",AAPL,Apple Inc.,my plan called last night i can not be intraday bear above 3892 very little trading below my 3892 and now we are trading 50 handles higher powered by orderflow bulls now need to take 3935 watch aapl below 155 spx ndx spy
2022-09-06 20:26:43+00:00,"Price is meeting up with the ‚öìÔ∏èVWAP from the March high and the AVWAP from the 2022 low in $AAPL

This a level of interest which HAS POTENTIAL to become support

Intraday chart shows no real support yet and decl 5DMA says too early to buy.  

Patiently stalk your prey https://t.co/MND6ZmYSaD",AAPL,Apple Inc.,price is meeting up with the vwap from the march high and the avwap from the 2022 low in aapl this a level of interest which has potential to become support intraday chart shows no real support yet and decl 5dma says too early to buy patiently stalk your prey
2022-08-05 21:52:42+00:00,"üìàOPTIONS STARTER PACKüìà

‚Ä¢TRADE $SPY $QQQ $IWM $AAPL

‚Ä¢Dip/pullback entries ONLY!

‚Ä¢1-2 contracts per position

‚Ä¢15-20% max risk, 1:3 R/r preferred

‚Ä¢MOVE SL UP as the trade turns green

‚Ä¢1-4 OTM and NO 0DTE

‚Ä¢BID in or no trade

‚Ä¢3/5/10 min charts for intraday",AAPL,Apple Inc.,options starter pack trade spy qqq iwm aapl dippullback entries only 12 contracts per position 1520 max risk 13 rr preferred move sl up as the trade turns green 14 otm and no 0dte bid in or no trade 3510 min charts for intraday
2022-07-01 20:26:48+00:00,"‚≠êÔ∏è OPTIONS STARTER STRATEGY‚≠êÔ∏è

‚Ä¢Trade 2 $SPY $QQQ $IWM $AAPL

‚Ä¢No 0DTE, strikes 1-4 OTM

‚Ä¢15% hard stop, 1:2 R/R

‚Ä¢Dip entries only, no breakouts

‚Ä¢9/20/200 EMA &amp; VWAP supported by S/D

‚Ä¢Trade off of 30min ORB

‚Ä¢3/5/10/15m time frames for intraday

‚Ä¢1-2 contracts max",AAPL,Apple Inc.,options starter strategy trade 2 spy qqq iwm aapl no 0dte strikes 14 otm 15 hard stop 12 rr dip entries only no breakouts 920200 ema amp vwap supported by sd trade off of 30min orb 351015m time frames for intraday 12 contracts max
2022-06-25 17:54:27+00:00,"‚≠êÔ∏è BEGINNER OPTIONS TIPS‚≠êÔ∏è

‚Ä¢ Trade $SPY $QQQ $IWM $AAPL

‚Ä¢1-4 OTM or delta above .3

‚Ä¢Trade 1-2 contracts until consistently profitable

‚Ä¢Do not trade the open, wait for 30m ORB

‚Ä¢3/5/10/15 min chart intraday

‚Ä¢DIP adds only, identify your SL before entry

‚Ä¢10-15% SL",AAPL,Apple Inc.,beginner options tips trade spy qqq iwm aapl 14 otm or delta above 3 trade 12 contracts until consistently profitable do not trade the open wait for 30m orb 351015 min chart intraday dip adds only identify your sl before entry 1015 sl
2022-05-05 13:33:16+00:00,"$AAPL 163 may be a good intraday support and could support $spy (intraday) 

Now 164 and 4245 

For bears they will need to take out 162 on $aapl me thinks for intraday softness below that imo",AAPL,Apple Inc.,aapl 163 may be a good intraday support and could support spy intraday now 164 and 4245 for bears they will need to take out 162 on aapl me thinks for intraday softness below that imo
2022-04-29 15:05:46+00:00,"i've identified a very tradeable intraday pattern that has been occurring in indices this week. 
1.very quick uptrend
2.topping candle
3.quick spike higher to key whole/half #
4. hard reversal
$QQQ $AAPL https://t.co/k2iSmxE5ZY",AAPL,Apple Inc.,ive identified a very tradeable intraday pattern that has been occurring in indices this week 1very quick uptrend 2topping candle 3quick spike higher to key wholehalf 4 hard reversal qqq aapl
2022-03-30 19:35:01+00:00,"To answer some questions :

I scalp options intraday using a mean reversion system I created.

I trade mostly $AAPL and $SPY on my small account. They're my favorite tickers. Really great volume, spreads, and varying strike costs for any account size.",AAPL,Apple Inc.,to answer some questions i scalp options intraday using a mean reversion system i created i trade mostly aapl and spy on my small account theyre my favorite tickers really great volume spreads and varying strike costs for any account size
2022-01-04 07:10:47+00:00,"Shares of Apple (AAPL) reached as high as $182.88in intraday trading.. 

Apple Inc. briefly touched $3 trillion in market value, making it the first U.S. company to do so.

READ MORE: https://t.co/VQnUO5O18t https://t.co/941Zw0QNt8",AAPL,Apple Inc.,shares of apple aapl reached as high as 18288in intraday trading apple inc briefly touched 3 trillion in market value making it the first us company to do so read more
2022-01-03 19:21:17+00:00,"AAPL just hit $3 trillion market cap intraday which we view as another watershed event for Cupertino and Big Tech. Being the first company to join the $3 trillion club is a ""flex the muscles moment"" for Cook &amp; Co. as the valuation re-rating continues into 2022 despite Fed jitters",AAPL,Apple Inc.,aapl just hit 3 trillion market cap intraday which we view as another watershed event for cupertino and big tech being the first company to join the 3 trillion club is a flex the muscles moment for cook amp co as the valuation rerating continues into 2022 despite fed jitters
2022-01-03 04:23:39+00:00,"Going to be a busy week for me so here are some setups I am watching for strictly swing plays (no scalps/intraday)

Bullish 
$SNOW
$F
$PLUG
$OVV
$NVDA

Bearish 
$FUTU
$KO
$AAPL

#driplist",AAPL,Apple Inc.,going to be a busy week for me so here are some setups i am watching for strictly swing plays no scalpsintraday bullish snow f plug ovv nvda bearish futu ko aapl
2021-12-01 13:28:19+00:00,"#driplist intraday/scalp 

Bull 
$PANW
$LYFT
$MA
$BA
$UAA
$MU
$XPEV
$AAPL 

Bear 
$CRM
$SNOW
$EBAY",AAPL,Apple Inc.,intradayscalp bull panw lyft ma ba uaa mu xpev aapl bear crm snow ebay
2021-11-22 13:00:00+00:00,"üö®OUT NOWüö®

Tutorial video for how I trade options using @unusualwhales featuring:

üê≥general overview
üê≥pre/post market setup
üê≥intraday setup
üê≥examples from $AAPL and $QS

Great tool for traders that has helped me take my game to the next level. 

ü§ùüíé
https://t.co/i7EuwShxif",AAPL,Apple Inc.,out now tutorial video for how i trade options using featuring general overview prepost market setup intraday setup examples from aapl and qs great tool for traders that has helped me take my game to the next level
2021-11-18 14:00:09+00:00,"#driplist intraday/scalp

Bullish
$LEN
$MRNA
$NKE
$MA
$AAPL
$GOOGL
$NVDA
$BA

Bearish 
$AFRM
$ROKU
$UPST",AAPL,Apple Inc.,intradayscalp bullish len mrna nke ma aapl googl nvda ba bearish afrm roku upst
2022-07-16 00:30:56+00:00,Do post like this and that $Nflx tweet help you guys ? $Rblx .09-.21 in about 10mins. I won‚Äôt do it if not helping intraday‚Ä¶.. https://t.co/w8r1XFltnW,NFLX,"Netflix, Inc.",do post like this and that nflx tweet help you guys rblx 0921 in about 10mins i wont do it if not helping intraday
2021-12-13 14:14:24+00:00,"#driplist intraday 

Bear 
$PTON 
$NFLX 
$INCY
$CHKP

Bull 
$HD
$LOW 
$NVAX",NFLX,"Netflix, Inc.",intraday bear pton nflx incy chkp bull hd low nvax
2021-11-22 13:27:41+00:00,"#driplist intraday/scalps 

Bull
$ADBE
$GME
$XPEV
$ETSY
$PANW 
$PLUG
$TSM
$CCJ
$NVDA

Bear
$DWAC
$BA

Watching 
$AMAT",TSM,Taiwan Semiconductor Manufacturing Company Limited,intradayscalps bull adbe gme xpev etsy panw plug tsm ccj nvda bear dwac ba watching amat
2022-03-01 02:37:10+00:00,"$COST earnings on 3rd. Can see run up on it. Above 523, 535+ intraday. Watching it this week!",COST,Costco Wholesale Corporation,cost earnings on 3rd can see run up on it above 523 535 intraday watching it this week
2022-01-18 13:38:26+00:00,"Good morning 

#driplist intraday 

Bull 
$HFC
$OVV
$MPW
$CPB
$SPLK 

Bear 
$MRNA
$PYPL
$DWAC

Watching 
$BA $COST $RBLX $CVNA",COST,Costco Wholesale Corporation,good morning intraday bull hfc ovv mpw cpb splk bear mrna pypl dwac watching ba cost rblx cvna
2021-11-16 14:06:11+00:00,"#driplist scalp/intraday 

Bullish
$NKE
$EXPE
$BA
$EXC
$XPEV
$UBER
$ZM

Bearish 
$NVDA
$LCID
$QQQ

Overall leaning bearish today, hope I am wrong",BA,The Boeing Company,scalpintraday bullish nke expe ba exc xpev uber zm bearish nvda lcid qqq overall leaning bearish today hope i am wrong
2022-02-20 19:25:04+00:00,"I am pleased to announce if I am now bullish üòä on $PLTR #palantir and $SQ and $PYPL.. 

Read to find out ‚Ä¶ 

#StocksToBuy #StockMarket #Nifty 

https://t.co/lUqNJqEpoI",PYPL,"PayPal Holdings, Inc.",i am pleased to announce if i am now bullish on pltr and sq and pypl read to find out
2022-01-31 20:12:34+00:00,$NIO is up more than 25% from Friday's intraday low,NIO,NIO Inc.,nio is up more than 25 from fridays intraday low
2021-11-29 14:07:39+00:00,"#driplist Intraday/scalp 

Bull 
$CRWD
$PANW
$UPST
$AFRM
$COIN
$XPEV

Bear 
$ZM
$BABA
$YELP

Watching $MRNA",XPEV,XPeng Inc.,intradayscalp bull crwd panw upst afrm coin xpev bear zm baba yelp watching mrna
